{
    "name": "gradient",
    "accuracy": 0.9469354175236528,
    "precision": [
        0.9634146341463414,
        0.9015151515151515,
        0.9861751152073732,
        0.9470588235294117,
        0.9417989417989417,
        0.9904761904761905,
        0.8675496688741722,
        0.8813559322033898,
        0.9740932642487047,
        0.9873417721518988,
        0.9735449735449735,
        0.8782051282051282,
        1.0,
        0.9150326797385621
    ],
    "recall": [
        0.8926553672316384,
        0.875,
        0.9385964912280702,
        0.9698795180722891,
        0.9726775956284153,
        0.9952153110047847,
        0.8791946308724832,
        0.9122807017543859,
        0.9494949494949495,
        0.9629629629629629,
        0.983957219251337,
        1.0,
        0.9828571428571429,
        0.9150326797385621
    ],
    "f1_score": [
        0.9266862170087976,
        0.8880597014925373,
        0.9617977528089887,
        0.9583333333333333,
        0.956989247311828,
        0.9928400954653939,
        0.8733333333333334,
        0.8965517241379309,
        0.9616368286445013,
        0.975,
        0.9787234042553191,
        0.9351535836177475,
        0.9913544668587896,
        0.9150326797385621
    ],
    "precision_avg": 0.9433973054028743,
    "recall_avg": 0.9449860407212158,
    "f1_score_avg": 0.9436780262862188
}