{
    "name": "resnet",
    "accuracy": 0.5010283833813246,
    "precision": [
        0.8,
        0.7391304347826086,
        0.311614730878187,
        0.7536231884057971,
        0.40825688073394495,
        0.0,
        0.0,
        0.44680851063829785,
        0.9467455621301775,
        0.46938775510204084,
        0.5768025078369906,
        0.0,
        0.5319148936170213,
        1.0
    ],
    "recall": [
        0.022598870056497175,
        0.125,
        0.4824561403508772,
        0.3132530120481928,
        0.9726775956284153,
        0.0,
        0.0,
        0.9824561403508771,
        0.8080808080808081,
        0.9938271604938271,
        0.983957219251337,
        0.0,
        1.0,
        0.058823529411764705
    ],
    "f1_score": [
        0.04395604395604395,
        0.2138364779874214,
        0.37865748709122204,
        0.4425531914893617,
        0.5751211631663975,
        0.0,
        0.0,
        0.6142595978062158,
        0.8719346049046321,
        0.6376237623762376,
        0.7272727272727272,
        0.0,
        0.6944444444444444,
        0.1111111111111111
    ],
    "precision_avg": 0.498877461723219,
    "recall_avg": 0.48165217683375694,
    "f1_score_avg": 0.3793407579718439
}