{
    "name": "smote",
    "accuracy": 0.5425750719868367,
    "precision": [
        0.43171806167400884,
        0.6864406779661016,
        0.5321100917431193,
        0.413265306122449,
        0.6813186813186813,
        0.6081504702194357,
        0.8452380952380952,
        0.0,
        0.9375,
        0.5296167247386759,
        1.0,
        0.4463667820069204,
        0.9361702127659575,
        0.49572649572649574
    ],
    "recall": [
        0.5536723163841808,
        0.5955882352941176,
        0.5087719298245614,
        0.9759036144578314,
        0.6775956284153005,
        0.9282296650717703,
        0.47651006711409394,
        0.0,
        0.15151515151515152,
        0.9382716049382716,
        0.0106951871657754,
        0.9416058394160584,
        0.25142857142857145,
        0.7581699346405228
    ],
    "f1_score": [
        0.48514851485148514,
        0.637795275590551,
        0.5201793721973094,
        0.5806451612903226,
        0.6794520547945204,
        0.7348484848484848,
        0.6094420600858369,
        0.0,
        0.2608695652173913,
        0.6770601336302896,
        0.021164021164021163,
        0.6056338028169014,
        0.39639639639639646,
        0.599483204134367
    ],
    "precision_avg": 0.6102586856799957,
    "recall_avg": 0.5548541246904434,
    "f1_score_avg": 0.4862941462155627
}