{
    "name": "svm",
    "accuracy": 0.8556149732620321,
    "precision": [
        0.8192090395480226,
        0.8214285714285714,
        0.9516908212560387,
        0.8218390804597702,
        0.8860103626943006,
        0.9665071770334929,
        0.7428571428571429,
        0.5962962962962963,
        0.9516129032258065,
        0.9041916167664671,
        0.9179487179487179,
        0.8125,
        0.9941176470588236,
        0.7898089171974523
    ],
    "recall": [
        0.8192090395480226,
        0.6764705882352942,
        0.8640350877192983,
        0.8614457831325302,
        0.9344262295081968,
        0.9665071770334929,
        0.348993288590604,
        0.9415204678362573,
        0.8939393939393939,
        0.9320987654320988,
        0.9572192513368984,
        0.8540145985401459,
        0.9657142857142857,
        0.8104575163398693
    ],
    "f1_score": [
        0.8192090395480226,
        0.7419354838709677,
        0.9057471264367817,
        0.8411764705882353,
        0.9095744680851064,
        0.9665071770334929,
        0.4748858447488584,
        0.7301587301587302,
        0.921875,
        0.9179331306990882,
        0.9371727748691099,
        0.8327402135231317,
        0.9797101449275363,
        0.7999999999999999
    ],
    "precision_avg": 0.8554298781264931,
    "recall_avg": 0.8447179623504564,
    "f1_score_avg": 0.8413304003206471
}