{
    "name": "gradient",
    "accuracy": 0.9494035376388318,
    "precision": [
        0.98125,
        0.9241379310344827,
        0.9754901960784313,
        0.9508196721311475,
        0.9453551912568307,
        0.9894736842105263,
        0.8768115942028986,
        0.863905325443787,
        0.9857142857142858,
        0.9715909090909091,
        0.9770114942528736,
        0.9024390243902439,
        0.9937888198757764,
        0.9195402298850575
    ],
    "recall": [
        0.8770949720670391,
        0.8933333333333333,
        0.943127962085308,
        0.9720670391061452,
        0.9829545454545454,
        1.0,
        0.852112676056338,
        0.948051948051948,
        0.9583333333333334,
        0.9606741573033708,
        0.9883720930232558,
        0.9866666666666667,
        0.9876543209876543,
        0.9195402298850575
    ],
    "f1_score": [
        0.9262536873156343,
        0.9084745762711864,
        0.9590361445783132,
        0.9613259668508287,
        0.9637883008356546,
        0.9947089947089947,
        0.8642857142857143,
        0.9040247678018575,
        0.971830985915493,
        0.9661016949152541,
        0.9826589595375722,
        0.9426751592356688,
        0.9907120743034055,
        0.9195402298850575
    ],
    "precision_avg": 0.9469520255405178,
    "recall_avg": 0.9478559483824284,
    "f1_score_avg": 0.9468155183171884
}