{
    "name": "resnet",
    "accuracy": 0.4965034965034965,
    "precision": [
        0.75,
        0.5909090909090909,
        0.2926829268292683,
        0.7702702702702703,
        0.4156479217603912,
        0.0,
        0.0,
        0.41456582633053224,
        0.9538461538461539,
        0.49299719887955185,
        0.5121212121212121,
        0.0,
        0.5436241610738255,
        1.0
    ],
    "recall": [
        0.0335195530726257,
        0.08666666666666667,
        0.5118483412322274,
        0.31843575418994413,
        0.9659090909090909,
        0.0,
        0.0,
        0.961038961038961,
        0.8611111111111112,
        0.9887640449438202,
        0.9825581395348837,
        0.0,
        1.0,
        0.06896551724137931
    ],
    "f1_score": [
        0.06417112299465241,
        0.1511627906976744,
        0.37241379310344824,
        0.450592885375494,
        0.5811965811965812,
        0.0,
        0.0,
        0.579256360078278,
        0.9051094890510949,
        0.6579439252336449,
        0.6733067729083664,
        0.0,
        0.7043478260869566,
        0.12903225806451613
    ],
    "precision_avg": 0.48119034014430684,
    "recall_avg": 0.4842012271386221,
    "f1_score_avg": 0.37632384319933626
}