{
    "name": "smote",
    "accuracy": 0.5516248457424928,
    "precision": [
        0.4583333333333333,
        0.6830985915492958,
        0.5148514851485149,
        0.43640897755610975,
        0.7597402597402597,
        0.5396341463414634,
        0.8441558441558441,
        0.0,
        0.9714285714285714,
        0.5418060200668896,
        1.0,
        0.49828178694158076,
        0.9459459459459459,
        0.5222672064777328
    ],
    "recall": [
        0.553072625698324,
        0.6466666666666666,
        0.4928909952606635,
        0.9776536312849162,
        0.6647727272727273,
        0.9414893617021277,
        0.45774647887323944,
        0.0,
        0.1574074074074074,
        0.9101123595505618,
        0.011627906976744186,
        0.9666666666666667,
        0.21604938271604937,
        0.7413793103448276
    ],
    "f1_score": [
        0.5012658227848101,
        0.6643835616438355,
        0.5036319612590799,
        0.603448275862069,
        0.7090909090909092,
        0.6860465116279071,
        0.593607305936073,
        0.0,
        0.2709163346613546,
        0.679245283018868,
        0.022988505747126436,
        0.6575963718820861,
        0.35175879396984927,
        0.6128266033254157
    ],
    "precision_avg": 0.6225680120489672,
    "recall_avg": 0.5526811086014944,
    "f1_score_avg": 0.48977187434352737
}