{
    "name": "svm",
    "accuracy": 0.8667215137803373,
    "precision": [
        0.7845303867403315,
        0.8560606060606061,
        0.9516129032258065,
        0.842391304347826,
        0.9116022099447514,
        0.9788359788359788,
        0.7972972972972973,
        0.5958333333333333,
        0.9617224880382775,
        0.9209039548022598,
        0.9027027027027027,
        0.8343949044585988,
        0.9876543209876543,
        0.8390804597701149
    ],
    "recall": [
        0.7932960893854749,
        0.7533333333333333,
        0.8388625592417062,
        0.8659217877094972,
        0.9375,
        0.9840425531914894,
        0.4154929577464789,
        0.9285714285714286,
        0.9305555555555556,
        0.9157303370786517,
        0.9709302325581395,
        0.8733333333333333,
        0.9876543209876543,
        0.8390804597701149
    ],
    "f1_score": [
        0.788888888888889,
        0.801418439716312,
        0.8916876574307305,
        0.8539944903581267,
        0.9243697478991596,
        0.9814323607427056,
        0.5462962962962963,
        0.7258883248730964,
        0.9458823529411765,
        0.9183098591549295,
        0.9355742296918766,
        0.8534201954397393,
        0.9876543209876543,
        0.8390804597701149
    ],
    "precision_avg": 0.8689016321818243,
    "recall_avg": 0.8595932106044897,
    "f1_score_avg": 0.8567069731564861
}